TIMESTAMP,TRACK_ID,OBJECT_TYPE,X,Y,CITY_NAME
315969887.9760753,00000000-0000-0000-0000-000000000000,AV,2245.5751121434496,783.8052965824209,PIT
315969887.9760753,00000000-0000-0000-0000-000000026568,AGENT,2223.9992799546662,762.7226767156468,PIT
315969887.9760753,00000000-0000-0000-0000-000000026671,OTHERS,2295.6220278890783,814.2032249428403,PIT
315969887.9760753,00000000-0000-0000-0000-000000026717,OTHERS,2273.7996664853367,799.2423229419896,PIT
315969887.9760753,00000000-0000-0000-0000-000000026508,OTHERS,2199.249048850282,742.2894950555307,PIT
315969887.9760753,00000000-0000-0000-0000-000000026711,OTHERS,2262.125147324724,794.2868882794581,PIT
315969887.9760753,00000000-0000-0000-0000-000000026719,OTHERS,2201.812779869516,740.370372429404,PIT
315969887.9760753,00000000-0000-0000-0000-000000026736,OTHERS,2310.867059734061,827.7984772664578,PIT
315969887.9760753,00000000-0000-0000-0000-000000026733,OTHERS,2210.168123894037,743.4348827069085,PIT
315969887.9760753,00000000-0000-0000-0000-000000026725,OTHERS,2237.367298411641,768.2458264001732,PIT
315969888.07247746,00000000-0000-0000-0000-000000000000,AV,2244.888884357224,783.2312086224339,PIT
315969888.07247746,00000000-0000-0000-0000-000000026568,AGENT,2222.7297968123307,761.8320300325756,PIT
315969888.07247746,00000000-0000-0000-0000-000000026671,OTHERS,2295.6220278814035,814.2032249362645,PIT
315969888.07247746,00000000-0000-0000-0000-000000026717,OTHERS,2275.3686743467138,800.160510309242,PIT
315969888.07247746,00000000-0000-0000-0000-000000026508,OTHERS,2197.81940477349,741.0817001837836,PIT
315969888.07247746,00000000-0000-0000-0000-000000026711,OTHERS,2260.761538517137,793.1235820205278,PIT
315969888.07247746,00000000-0000-0000-0000-000000026736,OTHERS,2311.158318810596,827.861303056148,PIT
315969888.07247746,00000000-0000-0000-0000-000000026719,OTHERS,2202.0429005240358,740.0661195662616,PIT
315969888.07247746,00000000-0000-0000-0000-000000026733,OTHERS,2211.4176281178534,744.3830354917006,PIT
315969888.07247746,00000000-0000-0000-0000-000000026725,OTHERS,2238.3893176453034,769.1436613790581,PIT
315969888.18289953,00000000-0000-0000-0000-000000000000,AV,2244.082813587848,782.5489559486242,PIT
315969888.18289953,00000000-0000-0000-0000-000000026568,AGENT,2220.208141093156,761.5770399403377,PIT
315969888.18289953,00000000-0000-0000-0000-000000026717,OTHERS,2275.3686743392723,800.1605103028668,PIT
315969888.18289953,00000000-0000-0000-0000-000000026508,OTHERS,2196.666117940856,740.1409927439662,PIT
315969888.18289953,00000000-0000-0000-0000-000000026711,OTHERS,2259.4711515106346,792.0331131262584,PIT
315969888.18289953,00000000-0000-0000-0000-000000026719,OTHERS,2202.0177836376442,740.0149703333309,PIT
315969888.18289953,00000000-0000-0000-0000-000000026725,OTHERS,2239.453371743643,770.0924161955522,PIT
315969888.18289953,00000000-0000-0000-0000-000000026671,OTHERS,2295.9930890758765,814.8497610962479,PIT
315969888.18289953,00000000-0000-0000-0000-000000026742,OTHERS,2303.121050758107,824.626967602295,PIT
315969888.18289953,00000000-0000-0000-0000-000000026736,OTHERS,2311.103920512475,827.9388324487943,PIT
315969888.18289953,00000000-0000-0000-0000-000000026733,OTHERS,2212.4623137036533,745.3110386330748,PIT
315969888.27736616,00000000-0000-0000-0000-000000000000,AV,2243.4922138905767,782.0483762536172,PIT
315969888.27736616,00000000-0000-0000-0000-000000026508,OTHERS,2195.180393744274,738.9081583847928,PIT
315969888.27736616,00000000-0000-0000-0000-000000026736,OTHERS,2311.0912194947077,828.0881516347372,PIT
315969888.27736616,00000000-0000-0000-0000-000000026671,OTHERS,2295.993089068669,814.8497610899344,PIT
315969888.27736616,00000000-0000-0000-0000-000000026725,OTHERS,2240.539171019147,771.0633747247647,PIT
315969888.27736616,00000000-0000-0000-0000-000000026719,OTHERS,2202.068922745755,739.85880253885,PIT
315969888.27736616,00000000-0000-0000-0000-000000026711,OTHERS,2258.2230213006424,790.9625152549614,PIT
315969888.27736616,00000000-0000-0000-0000-000000026717,OTHERS,2275.368674331832,800.1605102964912,PIT
315969888.27736616,00000000-0000-0000-0000-000000026742,OTHERS,2304.464123478623,825.5283335538468,PIT
315969888.27736616,00000000-0000-0000-0000-000000026733,OTHERS,2213.3877935984215,746.1572989356326,PIT
315969888.27736616,00000000-0000-0000-0000-000000026568,AGENT,2219.282358413087,760.92683752427,PIT
315969888.38651633,00000000-0000-0000-0000-000000000000,AV,2242.7238637429887,781.398661826467,PIT
315969888.38651633,00000000-0000-0000-0000-000000026508,OTHERS,2193.944103223498,737.9064787675313,PIT
315969888.38651633,00000000-0000-0000-0000-000000026671,OTHERS,2295.9930890614582,814.8497610836212,PIT
315969888.38651633,00000000-0000-0000-0000-000000026711,OTHERS,2256.965232266032,789.9200256299471,PIT
315969888.38651633,00000000-0000-0000-0000-000000026746,OTHERS,2303.1626565971114,821.8594661399259,PIT
315969888.38651633,00000000-0000-0000-0000-000000026736,OTHERS,2311.243666956565,828.0124160922992,PIT
315969888.38651633,00000000-0000-0000-0000-000000026568,AGENT,2218.1470157638573,759.8421718415184,PIT
315969888.38651633,00000000-0000-0000-0000-000000026742,OTHERS,2304.4641234715805,825.5283335478308,PIT
315969888.38651633,00000000-0000-0000-0000-000000026733,OTHERS,2214.610243445305,747.2477841391848,PIT
315969888.38651633,00000000-0000-0000-0000-000000026725,OTHERS,2241.672956307446,772.1108418335461,PIT
315969888.38651633,00000000-0000-0000-0000-000000026719,OTHERS,2201.939530423982,740.0538427355359,PIT
315969888.38651633,00000000-0000-0000-0000-000000026717,OTHERS,2275.3686743243907,800.1605102901158,PIT
315969888.4835319,00000000-0000-0000-0000-000000000000,AV,2242.090829395148,780.8628525703302,PIT
315969888.4835319,00000000-0000-0000-0000-000000026508,OTHERS,2192.4784171473107,737.1372174307353,PIT
315969888.4835319,00000000-0000-0000-0000-000000026671,OTHERS,2295.9930890542496,814.8497610773078,PIT
315969888.4835319,00000000-0000-0000-0000-000000026711,OTHERS,2255.6912283177044,788.8337063047791,PIT
315969888.4835319,00000000-0000-0000-0000-000000026719,OTHERS,2202.0282146859945,739.9735388892053,PIT
315969888.4835319,00000000-0000-0000-0000-000000026725,OTHERS,2242.53413090941,772.797836490388,PIT
315969888.4835319,00000000-0000-0000-0000-000000026568,AGENT,2218.2983145038866,757.9338409456752,PIT
315969888.4835319,00000000-0000-0000-0000-000000026733,OTHERS,2215.597928268693,748.044368789028,PIT
315969888.4835319,00000000-0000-0000-0000-000000026742,OTHERS,2304.4641234645387,825.5283335418146,PIT
315969888.4835319,00000000-0000-0000-0000-000000026746,OTHERS,2303.1626565903584,821.8594661339024,PIT
315969888.4835319,00000000-0000-0000-0000-000000026736,OTHERS,2311.2273946141,828.110131146214,PIT
315969888.5880835,00000000-0000-0000-0000-000000000000,AV,2241.452027653022,780.3253645790186,PIT
315969888.5880835,00000000-0000-0000-0000-000000026508,OTHERS,2191.415438988984,735.7139426033477,PIT
315969888.5880835,00000000-0000-0000-0000-000000026711,OTHERS,2254.4092672910783,787.7634566562429,PIT
315969888.5880835,00000000-0000-0000-0000-000000026719,OTHERS,2201.9842525990834,740.0108649039407,PIT
315969888.5880835,00000000-0000-0000-0000-000000026725,OTHERS,2243.685777132606,773.8443173546037,PIT
315969888.5880835,00000000-0000-0000-0000-000000026746,OTHERS,2303.162656583605,821.8594661278789,PIT
315969888.5880835,00000000-0000-0000-0000-000000026748,OTHERS,2208.9730167709954,753.5037354179103,PIT
315969888.5880835,00000000-0000-0000-0000-000000026568,AGENT,2216.04527851758,756.9564031819168,PIT
315969888.5880835,00000000-0000-0000-0000-000000026733,OTHERS,2216.7067448229145,749.0262998954222,PIT
315969888.5880835,00000000-0000-0000-0000-000000026742,OTHERS,2307.6294456040514,828.6529478578954,PIT
315969888.5880835,00000000-0000-0000-0000-000000026759,OTHERS,2219.145704039654,749.4195124934382,PIT
315969888.5880835,00000000-0000-0000-0000-000000026736,OTHERS,2311.083243137585,828.1761789150398,PIT
315969888.69044137,00000000-0000-0000-0000-000000000000,AV,2240.7474110011003,779.7339037060926,PIT
315969888.69044137,00000000-0000-0000-0000-000000026508,OTHERS,2190.2209019792153,734.9993251916202,PIT
315969888.69044137,00000000-0000-0000-0000-000000026711,OTHERS,2253.090656514072,786.6619422303003,PIT
315969888.69044137,00000000-0000-0000-0000-000000026719,OTHERS,2201.837562192723,739.9988105273854,PIT
315969888.69044137,00000000-0000-0000-0000-000000026725,OTHERS,2244.7552608776277,774.8584211295803,PIT
315969888.69044137,00000000-0000-0000-0000-000000026749,OTHERS,2197.4649072254983,732.3184323099539,PIT
315969888.69044137,00000000-0000-0000-0000-000000026748,OTHERS,2208.9730167709954,753.5037354179103,PIT
315969888.69044137,00000000-0000-0000-0000-000000026759,OTHERS,2219.145704039654,749.4195124934382,PIT
315969888.69044137,00000000-0000-0000-0000-000000026746,OTHERS,2303.162656576853,821.8594661218553,PIT
315969888.69044137,00000000-0000-0000-0000-000000026736,OTHERS,2311.279726814722,828.2266740407988,PIT
315969888.69044137,00000000-0000-0000-0000-000000026760,OTHERS,2217.913829552529,747.6756835614502,PIT
315969888.69044137,00000000-0000-0000-0000-000000026568,AGENT,2212.9105648936707,753.1900876441855,PIT
315969888.69044137,00000000-0000-0000-0000-000000026733,OTHERS,2216.193459434607,753.1896907506958,PIT
315969888.69044137,00000000-0000-0000-0000-000000026742,OTHERS,2307.6294455976918,828.6529478521495,PIT
315969888.7907932,00000000-0000-0000-0000-000000000000,AV,2240.105319330511,779.1965967384901,PIT
315969888.7907932,00000000-0000-0000-0000-000000026508,OTHERS,2188.96000122194,733.6728270190895,PIT
315969888.7907932,00000000-0000-0000-0000-000000026711,OTHERS,2251.816653103257,785.5864210110867,PIT
315969888.7907932,00000000-0000-0000-0000-000000026719,OTHERS,2201.8406371629067,740.0150839052278,PIT
315969888.7907932,00000000-0000-0000-0000-000000026725,OTHERS,2245.645539871944,775.5779980196985,PIT
315969888.7907932,00000000-0000-0000-0000-000000026762,OTHERS,2321.5278249808034,837.2106484717606,PIT
315969888.7907932,00000000-0000-0000-0000-000000026748,OTHERS,2208.9730167709954,753.5037354179103,PIT
315969888.7907932,00000000-0000-0000-0000-000000026749,OTHERS,2198.434547834162,733.154430484003,PIT
315969888.7907932,00000000-0000-0000-0000-000000026736,OTHERS,2309.9544147240185,830.5712180746016,PIT
315969888.7907932,00000000-0000-0000-0000-000000026760,OTHERS,2217.913829552529,747.6756835614502,PIT
315969888.7907932,00000000-0000-0000-0000-000000026568,AGENT,2213.3572062745952,752.5354705722373,PIT
315969888.7907932,00000000-0000-0000-0000-000000026733,OTHERS,2216.307972026282,749.4512374564728,PIT
315969888.7907932,00000000-0000-0000-0000-000000026742,OTHERS,2311.0472337518763,828.2992648262233,PIT
315969888.88970834,00000000-0000-0000-0000-000000000000,AV,2239.460199752702,778.6588061057565,PIT
315969888.88970834,00000000-0000-0000-0000-000000026508,OTHERS,2187.378525283213,732.5261369168088,PIT
315969888.88970834,00000000-0000-0000-0000-000000026711,OTHERS,2250.56190646552,784.5098899098567,PIT
315969888.88970834,00000000-0000-0000-0000-000000026719,OTHERS,2201.952734672826,740.2633930035897,PIT
315969888.88970834,00000000-0000-0000-0000-000000026725,OTHERS,2246.7863101577004,776.5382567665916,PIT
315969888.88970834,00000000-0000-0000-0000-000000026762,OTHERS,2321.5632607466523,837.4362242184918,PIT
315969888.88970834,00000000-0000-0000-0000-000000026770,OTHERS,2297.3421427919284,815.6597306348664,PIT
315969888.88970834,00000000-0000-0000-0000-000000026749,OTHERS,2199.347198204957,734.1304341029497,PIT
315969888.88970834,00000000-0000-0000-0000-000000026757,OTHERS,2213.2530374215,753.7825694798216,PIT
315969888.88970834,00000000-0000-0000-0000-000000026759,OTHERS,2220.0335392520315,751.7566517044728,PIT
315969888.88970834,00000000-0000-0000-0000-000000026736,OTHERS,2309.954414717861,830.5712180686954,PIT
315969888.88970834,00000000-0000-0000-0000-000000026760,OTHERS,2217.913829552529,747.6756835614502,PIT
315969888.88970834,00000000-0000-0000-0000-000000026568,AGENT,2211.557709314442,751.4223703371033,PIT
315969888.88970834,00000000-0000-0000-0000-000000026733,OTHERS,2218.116243733365,750.7080505830221,PIT
315969888.88970834,00000000-0000-0000-0000-000000026742,OTHERS,2311.1988833070936,831.5831692200823,PIT
315969888.99508065,00000000-0000-0000-0000-000000000000,AV,2238.7455219470194,778.062748375618,PIT
315969888.99508065,00000000-0000-0000-0000-000000026508,OTHERS,2186.055758633286,731.5287542939897,PIT
315969888.99508065,00000000-0000-0000-0000-000000026749,OTHERS,2200.3721499440767,734.9587879970917,PIT
315969888.99508065,00000000-0000-0000-0000-000000026719,OTHERS,2201.876250489116,740.3279241482236,PIT
315969888.99508065,00000000-0000-0000-0000-000000026725,OTHERS,2247.9069292480067,777.5925804962159,PIT
315969888.99508065,00000000-0000-0000-0000-000000026762,OTHERS,2321.71052310714,837.5221433990213,PIT
315969888.99508065,00000000-0000-0000-0000-000000026711,OTHERS,2249.202095947605,783.3131510070289,PIT
315969888.99508065,00000000-0000-0000-0000-000000026769,OTHERS,2204.7116965200007,749.7000734512227,PIT
315969888.99508065,00000000-0000-0000-0000-000000026759,OTHERS,2221.20957600266,751.6088093748331,PIT
315969888.99508065,00000000-0000-0000-0000-000000026770,OTHERS,2297.5084276107905,815.7944835877182,PIT
315969888.99508065,00000000-0000-0000-0000-000000026757,OTHERS,2213.2530374148714,753.7825694745043,PIT
315969888.99508065,00000000-0000-0000-0000-000000026736,OTHERS,2309.954414711703,830.5712180627887,PIT
315969888.99508065,00000000-0000-0000-0000-000000026760,OTHERS,2217.913829552529,747.6756835614502,PIT
315969888.99508065,00000000-0000-0000-0000-000000026568,AGENT,2207.4690921636147,752.1134577665888,PIT
315969888.99508065,00000000-0000-0000-0000-000000026733,OTHERS,2220.3734373112125,752.3087371365215,PIT
315969888.99508065,00000000-0000-0000-0000-000000026742,OTHERS,2311.198883300897,831.5831692142227,PIT
315969889.0927727,00000000-0000-0000-0000-000000000000,AV,2238.093414254169,777.519864968093,PIT
315969889.0927727,00000000-0000-0000-0000-000000026508,OTHERS,2184.966585450398,730.1040755604481,PIT
315969889.0927727,00000000-0000-0000-0000-000000026749,OTHERS,2201.4261896300245,735.7589083868487,PIT
315969889.0927727,00000000-0000-0000-0000-000000026719,OTHERS,2201.7289335558567,740.2432023632052,PIT
315969889.0927727,00000000-0000-0000-0000-000000026748,OTHERS,2210.583572902316,751.7302784816034,PIT
315969889.0927727,00000000-0000-0000-0000-000000026725,OTHERS,2248.9226586391187,778.4767205956452,PIT
315969889.0927727,00000000-0000-0000-0000-000000026762,OTHERS,2321.71052310714,837.5221433990213,PIT
315969889.0927727,00000000-0000-0000-0000-000000026736,OTHERS,2309.954414705545,830.5712180568828,PIT
315969889.0927727,00000000-0000-0000-0000-000000026711,OTHERS,2247.8033864803874,782.1362947575717,PIT
315969889.0927727,00000000-0000-0000-0000-000000026776,OTHERS,2304.3890293758373,832.8083813056911,PIT
315969889.0927727,00000000-0000-0000-0000-000000026769,OTHERS,2204.026697462425,749.1787582814545,PIT
315969889.0927727,00000000-0000-0000-0000-000000026759,OTHERS,2221.9294923221296,753.0479891666959,PIT
315969889.0927727,00000000-0000-0000-0000-000000026770,OTHERS,2297.67622022153,815.8708569230441,PIT
315969889.0927727,00000000-0000-0000-0000-000000026757,OTHERS,2213.253037408242,753.7825694691875,PIT
315969889.0927727,00000000-0000-0000-0000-000000026568,AGENT,2206.6415409788265,751.5526749289594,PIT
315969889.0927727,00000000-0000-0000-0000-000000026733,OTHERS,2219.902471983063,752.4777762023376,PIT
315969889.0927727,00000000-0000-0000-0000-000000026742,OTHERS,2311.1988832946977,831.5831692083638,PIT
315969889.1893361,00000000-0000-0000-0000-000000000000,AV,2237.432017788792,776.9709192996835,PIT
315969889.1893361,00000000-0000-0000-0000-000000026508,OTHERS,2183.7259918512714,729.2866331034967,PIT
315969889.1893361,00000000-0000-0000-0000-000000026749,OTHERS,2202.7849770001208,736.8210508594373,PIT
315969889.1893361,00000000-0000-0000-0000-000000026719,OTHERS,2201.6454190641907,740.3248415665507,PIT
315969889.1893361,00000000-0000-0000-0000-000000026748,OTHERS,2210.583572895571,751.7302784762896,PIT
315969889.1893361,00000000-0000-0000-0000-000000026725,OTHERS,2249.711025507688,779.2455982717594,PIT
315969889.1893361,00000000-0000-0000-0000-000000026762,OTHERS,2321.71052310714,837.5221433990213,PIT
315969889.1893361,00000000-0000-0000-0000-000000026711,OTHERS,2246.5248025810133,781.0184950730674,PIT
315969889.1893361,00000000-0000-0000-0000-000000026776,OTHERS,2303.3998798120138,831.9301781886627,PIT
315969889.1893361,00000000-0000-0000-0000-000000026769,OTHERS,2202.949500700014,748.8480111494873,PIT
315969889.1893361,00000000-0000-0000-0000-000000026757,OTHERS,2213.253037401612,753.7825694638701,PIT
315969889.1893361,00000000-0000-0000-0000-000000026759,OTHERS,2223.1110320871985,753.9753948266629,PIT
315969889.1893361,00000000-0000-0000-0000-000000026770,OTHERS,2297.7370357366353,816.1434463850204,PIT
315969889.1893361,00000000-0000-0000-0000-000000026780,OTHERS,2208.332032126489,750.4663777485347,PIT
315969889.1893361,00000000-0000-0000-0000-000000026771,OTHERS,2208.793741023556,749.9150745170622,PIT
315969889.1893361,00000000-0000-0000-0000-000000026568,AGENT,2206.7123061667735,750.4540354708816,PIT
315969889.1893361,00000000-0000-0000-0000-000000026733,OTHERS,2221.328417775961,753.3884302355488,PIT
315969889.1893361,00000000-0000-0000-0000-000000026742,OTHERS,2311.198883288498,831.5831692025047,PIT
315969889.2857255,00000000-0000-0000-0000-000000000000,AV,2236.7719162662816,776.4233583920503,PIT
315969889.2857255,00000000-0000-0000-0000-000000026508,OTHERS,2182.4167549576155,728.1361968538035,PIT
315969889.2857255,00000000-0000-0000-0000-000000026749,OTHERS,2204.220878534967,737.6880559574112,PIT
315969889.2857255,00000000-0000-0000-0000-000000026719,OTHERS,2201.6792753884797,740.2264641341877,PIT
315969889.2857255,00000000-0000-0000-0000-000000026748,OTHERS,2210.583572888827,751.7302784709758,PIT
315969889.2857255,00000000-0000-0000-0000-000000026769,OTHERS,2202.1815280148317,748.2792756797606,PIT
315969889.2857255,00000000-0000-0000-0000-000000026725,OTHERS,2250.6561311845344,780.0079495640385,PIT
315969889.2857255,00000000-0000-0000-0000-000000026759,OTHERS,2224.106426897676,754.7947352411677,PIT
315969889.2857255,00000000-0000-0000-0000-000000026568,AGENT,2206.4988374356953,749.1028943171523,PIT
315969889.2857255,00000000-0000-0000-0000-000000026733,OTHERS,2222.4444444058363,754.2008633115857,PIT
315969889.2857255,00000000-0000-0000-0000-000000026711,OTHERS,2245.1846169119453,780.003299044238,PIT
315969889.2857255,00000000-0000-0000-0000-000000026776,OTHERS,2302.2866372552803,831.222370325801,PIT
315969889.2857255,00000000-0000-0000-0000-000000026770,OTHERS,2297.895865190095,816.2958892053207,PIT
315969889.2857255,00000000-0000-0000-0000-000000026780,OTHERS,2208.332032126489,750.4663777485347,PIT
315969889.2857255,00000000-0000-0000-0000-000000026771,OTHERS,2207.6538495228256,749.9703300415433,PIT
315969889.2857255,00000000-0000-0000-0000-000000026762,OTHERS,2321.71052310714,837.5221433990213,PIT
315969889.3870314,00000000-0000-0000-0000-000000000000,AV,2236.103888203034,775.869914817502,PIT
315969889.3870314,00000000-0000-0000-0000-000000026508,OTHERS,2181.0331874963517,727.0591212938472,PIT
315969889.3870314,00000000-0000-0000-0000-000000026749,OTHERS,2205.1019451566,738.8496168462766,PIT
315969889.3870314,00000000-0000-0000-0000-000000026719,OTHERS,2201.691871108783,740.1846750676754,PIT
315969889.3870314,00000000-0000-0000-0000-000000026748,OTHERS,2210.5835728820825,751.7302784656621,PIT
315969889.3870314,00000000-0000-0000-0000-000000026725,OTHERS,2251.8416014810737,780.9840615061203,PIT
315969889.3870314,00000000-0000-0000-0000-000000026568,AGENT,2205.3003049444987,748.3194522631392,PIT
315969889.3870314,00000000-0000-0000-0000-000000026733,OTHERS,2223.324899595717,755.0445264518704,PIT
315969889.3870314,00000000-0000-0000-0000-000000026770,OTHERS,2297.8938962095317,816.489622471295,PIT
315969889.3870314,00000000-0000-0000-0000-000000026711,OTHERS,2243.950960253327,778.7790521500273,PIT
315969889.3870314,00000000-0000-0000-0000-000000026776,OTHERS,2301.235898912732,830.3042531041481,PIT
315969889.3870314,00000000-0000-0000-0000-000000026780,OTHERS,2208.332032126489,750.4663777485347,PIT
315969889.3870314,00000000-0000-0000-0000-000000026771,OTHERS,2206.9695653942335,749.4570371530658,PIT
315969889.3870314,00000000-0000-0000-0000-000000026769,OTHERS,2202.772735321179,746.8011290804062,PIT
315969889.3870314,00000000-0000-0000-0000-000000026759,OTHERS,2225.331927021208,755.8464698425228,PIT
315969889.4863148,00000000-0000-0000-0000-000000000000,AV,2235.43500160549,775.3163405261178,PIT
315969889.4863148,00000000-0000-0000-0000-000000026508,OTHERS,2179.7761702612725,725.9670934120022,PIT
315969889.4863148,00000000-0000-0000-0000-000000026749,OTHERS,2206.317864628948,739.5581201184932,PIT
315969889.4863148,00000000-0000-0000-0000-000000026719,OTHERS,2201.6431953327206,740.2027049615398,PIT
315969889.4863148,00000000-0000-0000-0000-000000026725,OTHERS,2253.06916937165,782.1346878634523,PIT
315969889.4863148,00000000-0000-0000-0000-000000026568,AGENT,2199.1863222541338,750.1338433604175,PIT
315969889.4863148,00000000-0000-0000-0000-000000026733,OTHERS,2224.3901409278124,755.9498772303493,PIT
315969889.4863148,00000000-0000-0000-0000-000000026770,OTHERS,2297.948122418326,816.2725771396547,PIT
315969889.4863148,00000000-0000-0000-0000-000000026789,OTHERS,2206.198680284093,749.2465251441258,PIT
315969889.4863148,00000000-0000-0000-0000-000000026711,OTHERS,2242.915384469515,777.9892312731987,PIT
315969889.4863148,00000000-0000-0000-0000-000000026776,OTHERS,2300.1974343817465,829.4182486863842,PIT
315969889.4863148,00000000-0000-0000-0000-000000026780,OTHERS,2208.332032126489,750.4663777485347,PIT
315969889.4863148,00000000-0000-0000-0000-000000026771,OTHERS,2204.6532637382466,748.0566853409434,PIT
315969889.4863148,00000000-0000-0000-0000-000000026769,OTHERS,2201.3596879921897,747.2708596324347,PIT
315969889.4863148,00000000-0000-0000-0000-000000026759,OTHERS,2226.1332679014913,756.4597876801497,PIT
315969889.59391934,00000000-0000-0000-0000-000000000000,AV,2234.6858256830765,774.6980931147392,PIT
315969889.59391934,00000000-0000-0000-0000-000000026508,OTHERS,2178.1944073406303,724.7858374577986,PIT
315969889.59391934,00000000-0000-0000-0000-000000026749,OTHERS,2206.918133850467,741.1804222942677,PIT
315969889.59391934,00000000-0000-0000-0000-000000026719,OTHERS,2201.6627587897933,740.1794462043622,PIT
315969889.59391934,00000000-0000-0000-0000-000000026789,OTHERS,2205.497533845627,749.0880230555292,PIT
315969889.59391934,00000000-0000-0000-0000-000000026711,OTHERS,2241.4527641780305,776.842508932294,PIT
315969889.59391934,00000000-0000-0000-0000-000000026785,OTHERS,2204.239395761208,747.5023684316341,PIT
315969889.59391934,00000000-0000-0000-0000-000000026776,OTHERS,2299.1346095582353,828.4969692109053,PIT
315969889.59391934,00000000-0000-0000-0000-000000026770,OTHERS,2297.8540138826,816.4326363673277,PIT
315969889.59391934,00000000-0000-0000-0000-000000026771,OTHERS,2204.2698696920943,746.3606169128743,PIT
315969889.59391934,00000000-0000-0000-0000-000000026769,OTHERS,2201.889985736634,745.9591548265668,PIT
315969889.59391934,00000000-0000-0000-0000-000000026725,OTHERS,2254.1774736997672,783.1199539897162,PIT
315969889.59391934,00000000-0000-0000-0000-000000026759,OTHERS,2227.240237369268,757.3971657666216,PIT
315969889.59391934,00000000-0000-0000-0000-000000026568,AGENT,2198.6734304486245,749.8119754074637,PIT
315969889.59391934,00000000-0000-0000-0000-000000026733,OTHERS,2225.5534020447567,756.7944964778911,PIT
315969889.69020635,00000000-0000-0000-0000-000000000000,AV,2233.999964748651,774.132129982271,PIT
315969889.69020635,00000000-0000-0000-0000-000000026749,OTHERS,2208.3677837237933,741.2835069005217,PIT
315969889.69020635,00000000-0000-0000-0000-000000026719,OTHERS,2201.6447668987407,740.1684892564743,PIT
315969889.69020635,00000000-0000-0000-0000-000000026789,OTHERS,2205.497533845627,749.0880230555292,PIT
315969889.69020635,00000000-0000-0000-0000-000000026771,OTHERS,2204.114698046614,749.060673075749,PIT
315969889.69020635,00000000-0000-0000-0000-000000026508,OTHERS,2177.1754129872334,723.6873327972812,PIT
315969889.69020635,00000000-0000-0000-0000-000000026770,OTHERS,2297.993087548163,816.239991765505,PIT
315969889.69020635,00000000-0000-0000-0000-000000026711,OTHERS,2240.252924001609,775.8137968192663,PIT
315969889.69020635,00000000-0000-0000-0000-000000026785,OTHERS,2204.239395761208,747.5023684316341,PIT
315969889.69020635,00000000-0000-0000-0000-000000026776,OTHERS,2298.159823469401,827.6447286487846,PIT
315969889.69020635,00000000-0000-0000-0000-000000026769,OTHERS,2201.249845954924,745.2781298341151,PIT
315969889.69020635,00000000-0000-0000-0000-000000026725,OTHERS,2255.2522689427137,784.0121345644552,PIT
315969889.69020635,00000000-0000-0000-0000-000000026759,OTHERS,2228.3013263380653,758.3126412870791,PIT
315969889.69020635,00000000-0000-0000-0000-000000026568,AGENT,2198.1212160305586,749.6521789828702,PIT
315969889.69020635,00000000-0000-0000-0000-000000026733,OTHERS,2226.661835953243,757.6958964490898,PIT
315969889.79045737,00000000-0000-0000-0000-000000000000,AV,2233.2362844401937,773.5031622658853,PIT
315969889.79045737,00000000-0000-0000-0000-000000026749,OTHERS,2209.0910486087178,742.0751459182483,PIT
315969889.79045737,00000000-0000-0000-0000-000000026789,OTHERS,2205.497533845627,749.0880230555292,PIT
315969889.79045737,00000000-0000-0000-0000-000000026771,OTHERS,2202.4297840022587,747.9242263300207,PIT
315969889.79045737,00000000-0000-0000-0000-000000026508,OTHERS,2175.8795549239526,722.6974942406496,PIT
315969889.79045737,00000000-0000-0000-0000-000000026796,OTHERS,2199.3302121862844,750.5092367793724,PIT
315969889.79045737,00000000-0000-0000-0000-000000026770,OTHERS,2297.393259340312,817.8619622485509,PIT
315969889.79045737,00000000-0000-0000-0000-000000026769,OTHERS,2201.3185403786665,744.0481289233078,PIT
315969889.79045737,00000000-0000-0000-0000-000000026725,OTHERS,2256.278579481972,785.0111711580588,PIT
315969889.79045737,00000000-0000-0000-0000-000000026759,OTHERS,2229.402635023667,759.1889737800809,PIT
315969889.79045737,00000000-0000-0000-0000-000000026568,AGENT,2198.6873138692977,745.3437827980507,PIT
315969889.79045737,00000000-0000-0000-0000-000000026733,OTHERS,2227.8590839170506,758.6846934991987,PIT
315969889.79045737,00000000-0000-0000-0000-000000026719,OTHERS,2201.6611124545934,740.0256966144757,PIT
315969889.79045737,00000000-0000-0000-0000-000000026785,OTHERS,2204.239395761208,747.5023684316341,PIT
315969889.79045737,00000000-0000-0000-0000-000000026776,OTHERS,2298.159823463012,827.6447286424965,PIT
315969889.79045737,00000000-0000-0000-0000-000000026711,OTHERS,2239.146854939924,774.9403959308047,PIT
315969889.89475924,00000000-0000-0000-0000-000000000000,AV,2232.533611041284,772.9250825947922,PIT
315969889.89475924,00000000-0000-0000-0000-000000026749,OTHERS,2210.2034219511847,743.2724795492057,PIT
315969889.89475924,00000000-0000-0000-0000-000000026789,OTHERS,2205.497533845627,749.0880230555292,PIT
315969889.89475924,00000000-0000-0000-0000-000000026508,OTHERS,2174.6114734525145,721.6166284894957,PIT
315969889.89475924,00000000-0000-0000-0000-000000026796,OTHERS,2198.1502317032414,749.7280992609401,PIT
315969889.89475924,00000000-0000-0000-0000-000000026770,OTHERS,2297.8777528984924,816.5292413951543,PIT
315969889.89475924,00000000-0000-0000-0000-000000026771,OTHERS,2201.4144100446274,746.3654012339579,PIT
315969889.89475924,00000000-0000-0000-0000-000000026711,OTHERS,2237.8256441982367,773.8259343533447,PIT
315969889.89475924,00000000-0000-0000-0000-000000026785,OTHERS,2204.239395761208,747.5023684316341,PIT
315969889.89475924,00000000-0000-0000-0000-000000026776,OTHERS,2296.068629267992,825.7693690645316,PIT
315969889.89475924,00000000-0000-0000-0000-000000026769,OTHERS,2200.6314122344625,744.5096955649922,PIT
315969889.89475924,00000000-0000-0000-0000-000000026725,OTHERS,2257.4140486332,785.9633812294902,PIT
315969889.89475924,00000000-0000-0000-0000-000000026759,OTHERS,2230.5669704678335,760.1935946658134,PIT
315969889.89475924,00000000-0000-0000-0000-000000026568,AGENT,2198.073913323808,743.0610303973951,PIT
315969889.89475924,00000000-0000-0000-0000-000000026733,OTHERS,2228.930887952355,759.4770993411263,PIT
315969889.89475924,00000000-0000-0000-0000-000000026719,OTHERS,2201.680273304416,740.1441872294189,PIT
315969889.98918754,00000000-0000-0000-0000-000000000000,AV,2231.8254683944288,772.3426509508516,PIT
315969889.98918754,00000000-0000-0000-0000-000000026749,OTHERS,2211.0355218816667,743.7839704224446,PIT
315969889.98918754,00000000-0000-0000-0000-000000026771,OTHERS,2199.705753962324,745.4798164637317,PIT
315969889.98918754,00000000-0000-0000-0000-000000026508,OTHERS,2173.0501605233026,720.5593041564406,PIT
315969889.98918754,00000000-0000-0000-0000-000000026796,OTHERS,2196.34323019462,748.6509902460097,PIT
315969889.98918754,00000000-0000-0000-0000-000000026770,OTHERS,2298.1079002341576,816.7131382424158,PIT
315969889.98918754,00000000-0000-0000-0000-000000026769,OTHERS,2198.8556184160466,744.1998245407024,PIT
315969889.98918754,00000000-0000-0000-0000-000000026711,OTHERS,2236.38177856742,772.6595710631077,PIT
315969889.98918754,00000000-0000-0000-0000-000000026776,OTHERS,2294.917040347669,824.8737741400047,PIT
315969889.98918754,00000000-0000-0000-0000-000000026725,OTHERS,2258.5186842066737,786.8353331024042,PIT
315969889.98918754,00000000-0000-0000-0000-000000026759,OTHERS,2231.692025689912,761.1537115377361,PIT
315969889.98918754,00000000-0000-0000-0000-000000026568,AGENT,2198.783732648519,741.8087190811838,PIT
315969889.98918754,00000000-0000-0000-0000-000000026733,OTHERS,2230.105926556053,760.3752036759993,PIT
315969889.98918754,00000000-0000-0000-0000-000000026719,OTHERS,2201.6093950708546,740.0554580680036,PIT
315969890.0862452,00000000-0000-0000-0000-000000000000,AV,2231.1083425150487,771.7523377435547,PIT
315969890.0862452,00000000-0000-0000-0000-000000026749,OTHERS,2212.1511404576927,744.8212722523041,PIT
315969890.0862452,00000000-0000-0000-0000-000000026769,OTHERS,2197.711020051956,742.575781478081,PIT
315969890.0862452,00000000-0000-0000-0000-000000026771,OTHERS,2198.099460421636,745.256964971723,PIT
315969890.0862452,00000000-0000-0000-0000-000000026508,OTHERS,2171.651215119804,719.4334573349547,PIT
315969890.0862452,00000000-0000-0000-0000-000000026796,OTHERS,2196.34323019462,748.6509902460097,PIT
315969890.0862452,00000000-0000-0000-0000-000000026770,OTHERS,2298.1079620072123,816.6270655001415,PIT
315969890.0862452,00000000-0000-0000-0000-000000026711,OTHERS,2235.281516697781,771.6583483860586,PIT
315969890.0862452,00000000-0000-0000-0000-000000026776,OTHERS,2293.8362216084643,824.2313019366946,PIT
315969890.0862452,00000000-0000-0000-0000-000000026725,OTHERS,2259.619944458072,787.7778932847798,PIT
315969890.0862452,00000000-0000-0000-0000-000000026759,OTHERS,2232.822882854776,762.1116655607965,PIT
315969890.0862452,00000000-0000-0000-0000-000000026568,AGENT,2197.0903002694167,740.4883867234164,PIT
315969890.0862452,00000000-0000-0000-0000-000000026733,OTHERS,2231.3671553143727,761.2698159884685,PIT
315969890.0862452,00000000-0000-0000-0000-000000026719,OTHERS,2201.6230491083443,740.1838285606526,PIT
315969890.19574684,00000000-0000-0000-0000-000000000000,AV,2230.314726432815,771.0996243278082,PIT
315969890.19574684,00000000-0000-0000-0000-000000026749,OTHERS,2213.1611353963654,745.7199318759466,PIT
315969890.19574684,00000000-0000-0000-0000-000000026719,OTHERS,2201.637058762583,740.066847499465,PIT
315969890.19574684,00000000-0000-0000-0000-000000026568,AGENT,2196.122411695351,739.7440526508028,PIT
315969890.19574684,00000000-0000-0000-0000-000000026733,OTHERS,2232.5412967551624,762.200509839005,PIT
315969890.19574684,00000000-0000-0000-0000-000000026725,OTHERS,2260.4797637250635,788.6701069333847,PIT
315969890.19574684,00000000-0000-0000-0000-000000026711,OTHERS,2234.0802238135825,770.5620291640332,PIT
315969890.19574684,00000000-0000-0000-0000-000000026776,OTHERS,2293.058733656591,823.5714661844829,PIT
315969890.19574684,00000000-0000-0000-0000-000000026769,OTHERS,2198.2003184165246,740.6205394326938,PIT
315969890.19574684,00000000-0000-0000-0000-000000026797,OTHERS,2188.7323865176786,730.0295080714093,PIT
315969890.19574684,00000000-0000-0000-0000-000000026771,OTHERS,2197.2885077116234,744.4239651772277,PIT
315969890.19574684,00000000-0000-0000-0000-000000026508,OTHERS,2170.382776717639,718.3177322914232,PIT
315969890.19574684,00000000-0000-0000-0000-000000026796,OTHERS,2196.34323019462,748.6509902460097,PIT
315969890.19574684,00000000-0000-0000-0000-000000026770,OTHERS,2298.251445879533,816.0494577691417,PIT
315969890.19574684,00000000-0000-0000-0000-000000026759,OTHERS,2233.989079323114,763.1757669577867,PIT
315969890.29159373,00000000-0000-0000-0000-000000000000,AV,2229.585167312176,770.4975890526903,PIT
315969890.29159373,00000000-0000-0000-0000-000000026749,OTHERS,2214.09742778879,746.345599060058,PIT
315969890.29159373,00000000-0000-0000-0000-000000026719,OTHERS,2201.5718592526778,739.9366883841997,PIT
315969890.29159373,00000000-0000-0000-0000-000000026725,OTHERS,2261.20615585389,789.2111879483638,PIT
315969890.29159373,00000000-0000-0000-0000-000000026759,OTHERS,2234.721245614432,763.5767109782646,PIT
315969890.29159373,00000000-0000-0000-0000-000000026711,OTHERS,2232.90192328382,769.7594285241147,PIT
315969890.29159373,00000000-0000-0000-0000-000000026776,OTHERS,2291.8066712982404,822.6543658548495,PIT
315969890.29159373,00000000-0000-0000-0000-000000026568,AGENT,2194.81032960712,738.6678708349775,PIT
315969890.29159373,00000000-0000-0000-0000-000000026733,OTHERS,2233.6935493863707,763.1457520275208,PIT
315969890.29159373,00000000-0000-0000-0000-000000026769,OTHERS,2196.9695774504003,739.542280931082,PIT
315969890.29159373,00000000-0000-0000-0000-000000026797,OTHERS,2188.7103000623033,729.9582988614873,PIT
315969890.29159373,00000000-0000-0000-0000-000000026771,OTHERS,2196.050353652266,744.0752076441013,PIT
315969890.29159373,00000000-0000-0000-0000-000000026508,OTHERS,2169.102504172477,717.2638365598924,PIT
315969890.29159373,00000000-0000-0000-0000-000000026796,OTHERS,2196.34323019462,748.6509902460097,PIT
315969890.29159373,00000000-0000-0000-0000-000000026770,OTHERS,2297.849975501188,816.5158316158205,PIT
315969890.3947214,00000000-0000-0000-0000-000000000000,AV,2228.8490432402095,769.8894980031857,PIT
315969890.3947214,00000000-0000-0000-0000-000000026749,OTHERS,2215.141973936424,747.4344309591893,PIT
315969890.3947214,00000000-0000-0000-0000-000000026719,OTHERS,2201.4841346996545,740.0425168255914,PIT
315969890.3947214,00000000-0000-0000-0000-000000026725,OTHERS,2262.3619475340492,790.1400342766992,PIT
315969890.3947214,00000000-0000-0000-0000-000000026711,OTHERS,2231.801439695384,768.7431436632048,PIT
315969890.3947214,00000000-0000-0000-0000-000000026776,OTHERS,2290.754971799003,821.7795566848175,PIT
315969890.3947214,00000000-0000-0000-0000-000000026759,OTHERS,2234.8229041469517,764.0487882874312,PIT
315969890.3947214,00000000-0000-0000-0000-000000026568,AGENT,2193.4283364376856,737.1259990598036,PIT
315969890.3947214,00000000-0000-0000-0000-000000026733,OTHERS,2233.6935493863707,763.1457520275208,PIT
315969890.3947214,00000000-0000-0000-0000-000000026769,OTHERS,2193.3677021553453,741.0469728613579,PIT
315969890.3947214,00000000-0000-0000-0000-000000026508,OTHERS,2167.853557344374,716.1310710075803,PIT
315969890.3947214,00000000-0000-0000-0000-000000026802,OTHERS,2195.048259302625,743.7237676545781,PIT
315969890.3947214,00000000-0000-0000-0000-000000026797,OTHERS,2188.6902159973997,729.9327239427257,PIT
315969890.3947214,00000000-0000-0000-0000-000000026771,OTHERS,2193.3182459943314,746.9858946321776,PIT
315969890.3947214,00000000-0000-0000-0000-000000026770,OTHERS,2297.9804962777607,816.2951602179207,PIT
315969890.490735,00000000-0000-0000-0000-000000000000,AV,2228.1081622677843,769.2769915238922,PIT
315969890.490735,00000000-0000-0000-0000-000000026508,OTHERS,2166.519354526456,714.9775515684906,PIT
315969890.490735,00000000-0000-0000-0000-000000026749,OTHERS,2216.154090542287,748.1288148941969,PIT
315969890.490735,00000000-0000-0000-0000-000000026719,OTHERS,2201.442786653149,740.028066593756,PIT
315969890.490735,00000000-0000-0000-0000-000000026769,OTHERS,2193.793829618926,739.4265900800475,PIT
315969890.490735,00000000-0000-0000-0000-000000026725,OTHERS,2263.436915465465,790.9615216576095,PIT
315969890.490735,00000000-0000-0000-0000-000000026759,OTHERS,2235.843774512183,765.221370900372,PIT
315969890.490735,00000000-0000-0000-0000-000000026568,AGENT,2191.975958791909,736.4468515199022,PIT
315969890.490735,00000000-0000-0000-0000-000000026812,OTHERS,2194.098550979093,743.6326305657183,PIT
315969890.490735,00000000-0000-0000-0000-000000026733,OTHERS,2236.998796405676,764.5637835780063,PIT
315969890.490735,00000000-0000-0000-0000-000000026802,OTHERS,2195.048259302625,743.7237676545781,PIT
315969890.490735,00000000-0000-0000-0000-000000026797,OTHERS,2188.925150990588,729.9347179195832,PIT
315969890.490735,00000000-0000-0000-0000-000000026771,OTHERS,2193.4834741266027,747.1762305469389,PIT
315969890.490735,00000000-0000-0000-0000-000000026711,OTHERS,2230.186163752893,767.5661832564602,PIT
315969890.490735,00000000-0000-0000-0000-000000026776,OTHERS,2289.809687074382,820.9642446776529,PIT
315969890.490735,00000000-0000-0000-0000-000000026770,OTHERS,2297.6872166504604,816.8178215463222,PIT
315969890.5872101,00000000-0000-0000-0000-000000000000,AV,2227.3556819808928,768.6535393604622,PIT
315969890.5872101,00000000-0000-0000-0000-000000026508,OTHERS,2165.179457339385,713.9735832034494,PIT
315969890.5872101,00000000-0000-0000-0000-000000026749,OTHERS,2217.135222401018,748.9916243819243,PIT
315969890.5872101,00000000-0000-0000-0000-000000026769,OTHERS,2193.793829618926,739.4265900800475,PIT
315969890.5872101,00000000-0000-0000-0000-000000026725,OTHERS,2264.351510812908,792.0207951069011,PIT
315969890.5872101,00000000-0000-0000-0000-000000026759,OTHERS,2236.7394153764217,765.7461318015328,PIT
315969890.5872101,00000000-0000-0000-0000-000000026568,AGENT,2190.6804787216392,735.4096296683505,PIT
315969890.5872101,00000000-0000-0000-0000-000000026812,OTHERS,2193.5001757403465,743.141805039857,PIT
315969890.5872101,00000000-0000-0000-0000-000000026733,OTHERS,2238.4602375050463,765.8482042526513,PIT
315969890.5872101,00000000-0000-0000-0000-000000026802,OTHERS,2195.048259302625,743.7237676545781,PIT
315969890.5872101,00000000-0000-0000-0000-000000026797,OTHERS,2188.761468470607,729.9195505222351,PIT
315969890.5872101,00000000-0000-0000-0000-000000026771,OTHERS,2192.530972329782,746.0123325459339,PIT
315969890.5872101,00000000-0000-0000-0000-000000026711,OTHERS,2229.1807975597344,766.7354805161823,PIT
315969890.5872101,00000000-0000-0000-0000-000000026776,OTHERS,2288.654327267497,819.9493760479628,PIT
315969890.5872101,00000000-0000-0000-0000-000000026770,OTHERS,2297.8051388191284,816.5367774851262,PIT
315969890.5872101,00000000-0000-0000-0000-000000026719,OTHERS,2201.5633014206014,740.0490762153827,PIT
315969890.6911108,00000000-0000-0000-0000-000000000000,AV,2226.5258265883954,767.9661547351457,PIT
315969890.6911108,00000000-0000-0000-0000-000000026508,OTHERS,2163.595995570774,712.7695660347064,PIT
315969890.6911108,00000000-0000-0000-0000-000000026749,OTHERS,2218.1227901426982,749.6637544023621,PIT
315969890.6911108,00000000-0000-0000-0000-000000026802,OTHERS,2195.048259302625,743.7237676545781,PIT
315969890.6911108,00000000-0000-0000-0000-000000026769,OTHERS,2193.793829618926,739.4265900800475,PIT
315969890.6911108,00000000-0000-0000-0000-000000026725,OTHERS,2265.352995660051,792.7621720628656,PIT
315969890.6911108,00000000-0000-0000-0000-000000026797,OTHERS,2188.852169438401,729.8597065906364,PIT
315969890.6911108,00000000-0000-0000-0000-000000026771,OTHERS,2191.0451674713668,745.7424322212172,PIT
315969890.6911108,00000000-0000-0000-0000-000000026759,OTHERS,2237.0231899066307,765.8379178804021,PIT
315969890.6911108,00000000-0000-0000-0000-000000026770,OTHERS,2297.9862539689943,816.8567448098361,PIT
315969890.6911108,00000000-0000-0000-0000-000000026719,OTHERS,2201.5163523817587,739.9966319636798,PIT
315969890.6911108,00000000-0000-0000-0000-000000026776,OTHERS,2287.413656182164,818.9889926042688,PIT
315969890.6911108,00000000-0000-0000-0000-000000026711,OTHERS,2228.278329326031,765.8971840695317,PIT
315969890.6911108,00000000-0000-0000-0000-000000026812,OTHERS,2193.5001757403465,743.141805039857,PIT
315969890.6911108,00000000-0000-0000-0000-000000026733,OTHERS,2238.4466954360687,767.123262665925,PIT
315969890.6911108,00000000-0000-0000-0000-000000026568,AGENT,2189.480797292863,734.3801751119023,PIT
315969890.7833325,00000000-0000-0000-0000-000000000000,AV,2225.8396786317867,767.3962556135704,PIT
315969890.7833325,00000000-0000-0000-0000-000000026568,AGENT,2188.1599206106616,733.2748587439992,PIT
315969890.7833325,00000000-0000-0000-0000-000000026508,OTHERS,2162.5519672458104,711.6873554248941,PIT
315969890.7833325,00000000-0000-0000-0000-000000026711,OTHERS,2226.853356061141,764.6741626045786,PIT
315969890.7833325,00000000-0000-0000-0000-000000026719,OTHERS,2201.3930525942887,740.0051375826146,PIT
315969890.7833325,00000000-0000-0000-0000-000000026733,OTHERS,2239.2061929664774,767.7916931889594,PIT
315969890.7833325,00000000-0000-0000-0000-000000026759,OTHERS,2238.0796878220053,766.3907517476289,PIT
315969890.7833325,00000000-0000-0000-0000-000000026725,OTHERS,2266.331401468013,793.6532672185623,PIT
315969890.7833325,00000000-0000-0000-0000-000000026769,OTHERS,2193.793829618926,739.4265900800475,PIT
315969890.7833325,00000000-0000-0000-0000-000000026812,OTHERS,2193.5001757403465,743.141805039857,PIT
315969890.7833325,00000000-0000-0000-0000-000000026749,OTHERS,2219.243495120745,750.6637145226813,PIT
315969890.7833325,00000000-0000-0000-0000-000000026776,OTHERS,2286.505080111586,818.1876341118283,PIT
315969890.7833325,00000000-0000-0000-0000-000000026770,OTHERS,2297.626853635091,816.8074723063278,PIT
315969890.7833325,00000000-0000-0000-0000-000000026771,OTHERS,2191.0451674713668,745.7424322212172,PIT
315969890.7833325,00000000-0000-0000-0000-000000026797,OTHERS,2188.789072572333,729.8100618765873,PIT
315969890.8841228,00000000-0000-0000-0000-000000000000,AV,2224.9915237729056,766.6923744176476,PIT
315969890.8841228,00000000-0000-0000-0000-000000026568,AGENT,2186.8559849612006,732.2462915987343,PIT
315969890.8841228,00000000-0000-0000-0000-000000026719,OTHERS,2201.412738160867,739.9710086244618,PIT
315969890.8841228,00000000-0000-0000-0000-000000026733,OTHERS,2239.995459613351,768.745042224921,PIT
315969890.8841228,00000000-0000-0000-0000-000000026759,OTHERS,2239.4472359918627,767.2676091455173,PIT
315969890.8841228,00000000-0000-0000-0000-000000026770,OTHERS,2297.6268536270504,816.807472300538,PIT
315969890.8841228,00000000-0000-0000-0000-000000026508,OTHERS,2161.1885273692806,710.7321171456758,PIT
315969890.8841228,00000000-0000-0000-0000-000000026711,OTHERS,2225.4576288730627,763.6336572300853,PIT
315969890.8841228,00000000-0000-0000-0000-000000026725,OTHERS,2267.311040757597,794.5247529139633,PIT
315969890.8841228,00000000-0000-0000-0000-000000026812,OTHERS,2193.5001757403465,743.141805039857,PIT
315969890.8841228,00000000-0000-0000-0000-000000026749,OTHERS,2220.228132648303,751.4670223992671,PIT
315969890.8841228,00000000-0000-0000-0000-000000026776,OTHERS,2285.471970813357,817.2755288578517,PIT
315969890.8841228,00000000-0000-0000-0000-000000026809,OTHERS,2196.427546028189,736.8903183530513,PIT
315969890.8841228,00000000-0000-0000-0000-000000026771,OTHERS,2191.0451674713668,745.7424322212172,PIT
315969890.8841228,00000000-0000-0000-0000-000000026797,OTHERS,2188.8658798309707,729.7968222195981,PIT
315969890.9795733,00000000-0000-0000-0000-000000000000,AV,2224.29325804151,766.1120011509607,PIT
315969890.9795733,00000000-0000-0000-0000-000000026568,AGENT,2185.537573971635,731.1207277392157,PIT
315969890.9795733,00000000-0000-0000-0000-000000026719,OTHERS,2201.239970850901,739.9933650119948,PIT
315969890.9795733,00000000-0000-0000-0000-000000026725,OTHERS,2268.355662662051,795.4161997600747,PIT
315969890.9795733,00000000-0000-0000-0000-000000026733,OTHERS,2241.144096968443,769.7610972043633,PIT
315969890.9795733,00000000-0000-0000-0000-000000026759,OTHERS,2240.3190227741006,768.099233176682,PIT
315969890.9795733,00000000-0000-0000-0000-000000026508,OTHERS,2159.934274688629,709.503417184001,PIT
315969890.9795733,00000000-0000-0000-0000-000000026711,OTHERS,2224.1724466939354,762.6638619507132,PIT
315969890.9795733,00000000-0000-0000-0000-000000026816,OTHERS,2199.2018261957487,739.1763712488013,PIT
315969890.9795733,00000000-0000-0000-0000-000000026809,OTHERS,2195.3170867010767,735.9863906359897,PIT
315969890.9795733,00000000-0000-0000-0000-000000026770,OTHERS,2297.6268536190123,816.8074722947476,PIT
315969890.9795733,00000000-0000-0000-0000-000000026771,OTHERS,2191.0451674713668,745.7424322212172,PIT
315969890.9795733,00000000-0000-0000-0000-000000026797,OTHERS,2188.861727857061,729.7571538637967,PIT
315969890.9795733,00000000-0000-0000-0000-000000026749,OTHERS,2221.095770191393,752.1880124977775,PIT
315969890.9795733,00000000-0000-0000-0000-000000026776,OTHERS,2284.7237620548817,816.2654435860456,PIT
315969891.0822756,00000000-0000-0000-0000-000000000000,AV,2223.432053044466,765.3963500334282,PIT
315969891.0822756,00000000-0000-0000-0000-000000026568,AGENT,2184.145056430333,730.0925843918823,PIT
315969891.0822756,00000000-0000-0000-0000-000000026719,OTHERS,2201.2386077690257,740.0635655807332,PIT
315969891.0822756,00000000-0000-0000-0000-000000026725,OTHERS,2269.412902318773,796.3266917192433,PIT
315969891.0822756,00000000-0000-0000-0000-000000026733,OTHERS,2241.953151370087,770.5487567784419,PIT
315969891.0822756,00000000-0000-0000-0000-000000026759,OTHERS,2241.5943706942494,769.196698986432,PIT
315969891.0822756,00000000-0000-0000-0000-000000026508,OTHERS,2158.549560431476,708.4390632280897,PIT
315969891.0822756,00000000-0000-0000-0000-000000026711,OTHERS,2223.041556397662,761.6586489367188,PIT
315969891.0822756,00000000-0000-0000-0000-000000026816,OTHERS,2199.214906388192,739.1209615372978,PIT
315969891.0822756,00000000-0000-0000-0000-000000026809,OTHERS,2196.377689513114,736.844429292862,PIT
315969891.0822756,00000000-0000-0000-0000-000000026770,OTHERS,2297.6268536109715,816.8074722889578,PIT
315969891.0822756,00000000-0000-0000-0000-000000026797,OTHERS,2188.7992183595934,729.7255716174235,PIT
315969891.0822756,00000000-0000-0000-0000-000000026749,OTHERS,2222.1563507148253,753.0311498366739,PIT
315969891.0822756,00000000-0000-0000-0000-000000026776,OTHERS,2283.5571741013905,815.8281253594887,PIT
315969891.18066186,00000000-0000-0000-0000-000000000000,AV,2222.6451297392373,764.7414852131857,PIT
315969891.18066186,00000000-0000-0000-0000-000000026568,AGENT,2182.858274275145,728.8987417412677,PIT
315969891.18066186,00000000-0000-0000-0000-000000026719,OTHERS,2201.248399707976,739.664370171389,PIT
315969891.18066186,00000000-0000-0000-0000-000000026725,OTHERS,2270.404010551296,797.0422011350419,PIT
315969891.18066186,00000000-0000-0000-0000-000000026733,OTHERS,2243.194471306813,771.6737932679832,PIT
315969891.18066186,00000000-0000-0000-0000-000000026759,OTHERS,2242.548983793149,770.1084259310659,PIT
315969891.18066186,00000000-0000-0000-0000-000000026816,OTHERS,2199.0902593390188,739.0686944495959,PIT
315969891.18066186,00000000-0000-0000-0000-000000026508,OTHERS,2157.4187124980544,707.3000681791075,PIT
315969891.18066186,00000000-0000-0000-0000-000000026711,OTHERS,2221.798526703282,760.6589864189847,PIT
315969891.18066186,00000000-0000-0000-0000-000000026809,OTHERS,2195.351738514736,735.9750483655603,PIT
315969891.18066186,00000000-0000-0000-0000-000000026797,OTHERS,2188.8164143193553,729.7149592941034,PIT
315969891.18066186,00000000-0000-0000-0000-000000026749,OTHERS,2223.277635427311,753.9714624592258,PIT
315969891.18066186,00000000-0000-0000-0000-000000026776,OTHERS,2282.401122391574,814.6032320688962,PIT
315969891.28429884,00000000-0000-0000-0000-000000000000,AV,2221.770650344898,764.0138930901692,PIT
315969891.28429884,00000000-0000-0000-0000-000000026508,OTHERS,2156.175189637854,706.1439196900972,PIT
315969891.28429884,00000000-0000-0000-0000-000000026711,OTHERS,2220.618321293349,759.6322534162007,PIT
315969891.28429884,00000000-0000-0000-0000-000000026719,OTHERS,2201.253498591609,740.0129139063408,PIT
315969891.28429884,00000000-0000-0000-0000-000000026725,OTHERS,2271.328824486715,798.0528234185585,PIT
315969891.28429884,00000000-0000-0000-0000-000000026733,OTHERS,2244.0664301614465,772.4195945866064,PIT
315969891.28429884,00000000-0000-0000-0000-000000026759,OTHERS,2243.475677296832,770.9152716141008,PIT
315969891.28429884,00000000-0000-0000-0000-000000026568,AGENT,2181.5389298544324,727.9107307684241,PIT
315969891.28429884,00000000-0000-0000-0000-000000026816,OTHERS,2199.130229464327,739.1078047782707,PIT
315969891.28429884,00000000-0000-0000-0000-000000026809,OTHERS,2196.477486986284,736.8584626070954,PIT
315969891.28429884,00000000-0000-0000-0000-000000026797,OTHERS,2188.126952460723,729.3796142221115,PIT
315969891.28429884,00000000-0000-0000-0000-000000026749,OTHERS,2224.230807237101,754.7887173764078,PIT
315969891.28429884,00000000-0000-0000-0000-000000026776,OTHERS,2281.321909673533,814.0429794103561,PIT
315969891.3822836,00000000-0000-0000-0000-000000000000,AV,2220.9701203345985,763.3469205041963,PIT
315969891.3822836,00000000-0000-0000-0000-000000026508,OTHERS,2156.175189630012,706.1439196831972,PIT
315969891.3822836,00000000-0000-0000-0000-000000026711,OTHERS,2219.319987894572,758.5234040949722,PIT
315969891.3822836,00000000-0000-0000-0000-000000026719,OTHERS,2201.2447407530717,740.021053154218,PIT
315969891.3822836,00000000-0000-0000-0000-000000026725,OTHERS,2272.304301066604,798.994327990481,PIT
315969891.3822836,00000000-0000-0000-0000-000000026733,OTHERS,2244.9957365449873,773.265020954251,PIT
315969891.3822836,00000000-0000-0000-0000-000000026759,OTHERS,2244.458920370529,771.7939103757999,PIT
315969891.3822836,00000000-0000-0000-0000-000000026568,AGENT,2180.1909506287493,726.8121861043214,PIT
315969891.3822836,00000000-0000-0000-0000-000000026816,OTHERS,2199.0293743504712,739.1229939178357,PIT
315969891.3822836,00000000-0000-0000-0000-000000026809,OTHERS,2196.4774869783278,736.8584626003458,PIT
315969891.3822836,00000000-0000-0000-0000-000000026797,OTHERS,2188.298750131537,729.542608223271,PIT
315969891.3822836,00000000-0000-0000-0000-000000026749,OTHERS,2225.157609292742,755.4968999412898,PIT
315969891.3822836,00000000-0000-0000-0000-000000026776,OTHERS,2280.198933092992,812.9982431678392,PIT
315969891.4826373,00000000-0000-0000-0000-000000000000,AV,2220.161125630379,762.6728834585804,PIT
315969891.4826373,00000000-0000-0000-0000-000000026508,OTHERS,2156.17518962217,706.1439196762963,PIT
315969891.4826373,00000000-0000-0000-0000-000000026711,OTHERS,2218.016481894119,757.5069917561032,PIT
315969891.4826373,00000000-0000-0000-0000-000000026719,OTHERS,2201.2552987569884,739.6450776140546,PIT
315969891.4826373,00000000-0000-0000-0000-000000026725,OTHERS,2273.2397787499467,799.7409050624848,PIT
315969891.4826373,00000000-0000-0000-0000-000000026733,OTHERS,2245.9104080688776,773.9916578506743,PIT
315969891.4826373,00000000-0000-0000-0000-000000026759,OTHERS,2245.392328530854,772.5255057454359,PIT
315969891.4826373,00000000-0000-0000-0000-000000026568,AGENT,2178.785480932381,725.7766581202585,PIT
315969891.4826373,00000000-0000-0000-0000-000000026819,OTHERS,2196.501085815967,736.9093367635146,PIT
315969891.4826373,00000000-0000-0000-0000-000000026816,OTHERS,2199.3217923453253,738.9741877443315,PIT
315969891.4826373,00000000-0000-0000-0000-000000026809,OTHERS,2194.248245062311,735.1560326675958,PIT
315969891.4826373,00000000-0000-0000-0000-000000026797,OTHERS,2188.22367268179,729.3117946657068,PIT
315969891.4826373,00000000-0000-0000-0000-000000026749,OTHERS,2226.1423212561303,756.4510880197133,PIT
315969891.4826373,00000000-0000-0000-0000-000000026776,OTHERS,2279.072174706387,812.2272649014369,PIT
315969891.58316123,00000000-0000-0000-0000-000000000000,AV,2219.3508220623567,761.9968931902793,PIT
315969891.58316123,00000000-0000-0000-0000-000000026508,OTHERS,2156.175189614328,706.143919669395,PIT
315969891.58316123,00000000-0000-0000-0000-000000026711,OTHERS,2216.7290273770063,756.4612698843104,PIT
315969891.58316123,00000000-0000-0000-0000-000000026719,OTHERS,2201.244472869929,739.6286137373769,PIT
315969891.58316123,00000000-0000-0000-0000-000000026725,OTHERS,2274.201551849953,800.7095203294385,PIT
315969891.58316123,00000000-0000-0000-0000-000000026733,OTHERS,2246.8279693128447,774.7414151190574,PIT
315969891.58316123,00000000-0000-0000-0000-000000026759,OTHERS,2246.4251189642127,773.3853873036148,PIT
315969891.58316123,00000000-0000-0000-0000-000000026568,AGENT,2177.484066532545,724.7030299658537,PIT
315969891.58316123,00000000-0000-0000-0000-000000026819,OTHERS,2196.805305741716,737.2137081771215,PIT
315969891.58316123,00000000-0000-0000-0000-000000026816,OTHERS,2199.344981723178,739.1537962935271,PIT
315969891.58316123,00000000-0000-0000-0000-000000026809,OTHERS,2194.4727206416487,735.3538684419972,PIT
315969891.58316123,00000000-0000-0000-0000-000000026797,OTHERS,2188.186989185491,729.2867980587226,PIT
315969891.58316123,00000000-0000-0000-0000-000000026749,OTHERS,2227.4096717022353,757.5207528980037,PIT
315969891.58316123,00000000-0000-0000-0000-000000026776,OTHERS,2278.1348602941243,810.9795724783747,PIT
315969891.6879621,00000000-0000-0000-0000-000000000000,AV,2218.4506305979667,761.2447917948564,PIT
315969891.6879621,00000000-0000-0000-0000-000000026711,OTHERS,2215.556575722829,755.4373223438814,PIT
315969891.6879621,00000000-0000-0000-0000-000000026725,OTHERS,2274.2015518415883,800.7095203228035,PIT
315969891.6879621,00000000-0000-0000-0000-000000026733,OTHERS,2247.4787744448904,774.5340714560002,PIT
315969891.6879621,00000000-0000-0000-0000-000000026759,OTHERS,2248.4825150218508,776.2861202627316,PIT
315969891.6879621,00000000-0000-0000-0000-000000026749,OTHERS,2228.1956041783947,758.1010616495395,PIT
315969891.6879621,00000000-0000-0000-0000-000000026776,OTHERS,2277.038354445821,810.2495851450981,PIT
315969891.6879621,00000000-0000-0000-0000-000000026568,AGENT,2176.212079824249,723.4812325920453,PIT
315969891.6879621,00000000-0000-0000-0000-000000026819,OTHERS,2196.7974452718804,737.2419207021939,PIT
315969891.6879621,00000000-0000-0000-0000-000000026816,OTHERS,2198.732746211492,739.0012021876832,PIT
315969891.6879621,00000000-0000-0000-0000-000000026719,OTHERS,2201.0749142940895,739.8218750539754,PIT
315969891.6879621,00000000-0000-0000-0000-000000026809,OTHERS,2194.567437839487,735.4137977909921,PIT
315969891.6879621,00000000-0000-0000-0000-000000026797,OTHERS,2188.374064387929,729.3029081111339,PIT
315969891.79505265,00000000-0000-0000-0000-000000000000,AV,2217.5448285947173,760.4888246760063,PIT
315969891.79505265,00000000-0000-0000-0000-000000026711,OTHERS,2214.2070400760304,754.3202824764168,PIT
315969891.79505265,00000000-0000-0000-0000-000000026725,OTHERS,2276.307459012297,802.2778993377046,PIT
315969891.79505265,00000000-0000-0000-0000-000000026749,OTHERS,2229.071200962933,758.9449583044823,PIT
315969891.79505265,00000000-0000-0000-0000-000000026776,OTHERS,2276.183062972169,809.4054628581603,PIT
315969891.79505265,00000000-0000-0000-0000-000000026797,OTHERS,2188.2759532258297,729.2856133402432,PIT
315969891.79505265,00000000-0000-0000-0000-000000026733,OTHERS,2249.789067138066,777.4128578762034,PIT
315969891.79505265,00000000-0000-0000-0000-000000026759,OTHERS,2248.174641797365,775.0290692099474,PIT
315969891.79505265,00000000-0000-0000-0000-000000026809,OTHERS,2194.567437831359,735.413797783974,PIT
315969891.79505265,00000000-0000-0000-0000-000000026719,OTHERS,2201.128651801526,739.7903001858152,PIT
315969891.79505265,00000000-0000-0000-0000-000000026568,AGENT,2174.759213118566,722.6640666428598,PIT
315969891.79505265,00000000-0000-0000-0000-000000026819,OTHERS,2196.5792051540925,736.9680034010173,PIT
315969891.79505265,00000000-0000-0000-0000-000000026816,OTHERS,2198.732746211492,739.0012021876832,PIT
315969891.8871617,00000000-0000-0000-0000-000000000000,AV,2216.7157478727654,759.7966637323183,PIT
315969891.8871617,00000000-0000-0000-0000-000000026711,OTHERS,2212.961796543902,753.3277109011743,PIT
315969891.8871617,00000000-0000-0000-0000-000000026725,OTHERS,2277.177149757313,803.1858279941067,PIT
315969891.8871617,00000000-0000-0000-0000-000000026749,OTHERS,2229.992817449129,759.7680389874542,PIT
315969891.8871617,00000000-0000-0000-0000-000000026776,OTHERS,2275.14021370523,808.5349837107077,PIT
315969891.8871617,00000000-0000-0000-0000-000000026797,OTHERS,2188.3674433061433,729.2562646690989,PIT
315969891.8871617,00000000-0000-0000-0000-000000026733,OTHERS,2249.148578837728,776.2654652082872,PIT
315969891.8871617,00000000-0000-0000-0000-000000026759,OTHERS,2249.436224310617,775.6837217927894,PIT
315969891.8871617,00000000-0000-0000-0000-000000026826,OTHERS,2152.7685880255317,695.6802026214548,PIT
315969891.8871617,00000000-0000-0000-0000-000000026809,OTHERS,2194.5674378232306,735.4137977769556,PIT
315969891.8871617,00000000-0000-0000-0000-000000026818,OTHERS,2173.1557920866867,716.3090077045956,PIT
315969891.8871617,00000000-0000-0000-0000-000000026719,OTHERS,2201.1345943825227,739.6188138395515,PIT
315969891.8871617,00000000-0000-0000-0000-000000026568,AGENT,2173.4614042859134,721.5461840519168,PIT
315969891.8871617,00000000-0000-0000-0000-000000026819,OTHERS,2196.8569891493175,737.1667452641142,PIT
315969891.8871617,00000000-0000-0000-0000-000000026816,OTHERS,2198.732746211492,739.0012021876832,PIT
315969891.9835931,00000000-0000-0000-0000-000000000000,AV,2215.9615768839567,759.1724332473455,PIT
315969891.9835931,00000000-0000-0000-0000-000000026568,AGENT,2172.103277632655,720.471508811978,PIT
315969891.9835931,00000000-0000-0000-0000-000000026711,OTHERS,2211.6811550925195,752.2346473232695,PIT
315969891.9835931,00000000-0000-0000-0000-000000026725,OTHERS,2277.177149748805,803.1858279872495,PIT
315969891.9835931,00000000-0000-0000-0000-000000026797,OTHERS,2188.2897748748896,729.2214216224049,PIT
315969891.9835931,00000000-0000-0000-0000-000000026825,OTHERS,2186.0776512363973,753.1830262386478,PIT
315969891.9835931,00000000-0000-0000-0000-000000026749,OTHERS,2231.005614899589,760.7111454851506,PIT
315969891.9835931,00000000-0000-0000-0000-000000026776,OTHERS,2274.088205254405,807.8563639601816,PIT
315969891.9835931,00000000-0000-0000-0000-000000026733,OTHERS,2250.372507841254,776.8747354509114,PIT
315969891.9835931,00000000-0000-0000-0000-000000026759,OTHERS,2249.436224302164,775.6837217858763,PIT
315969891.9835931,00000000-0000-0000-0000-000000026826,OTHERS,2152.7685880255317,695.6802026214548,PIT
315969891.9835931,00000000-0000-0000-0000-000000026809,OTHERS,2198.962307706681,738.0915208918764,PIT
315969891.9835931,00000000-0000-0000-0000-000000026818,OTHERS,2173.42012320525,716.1278845964754,PIT
315969892.0819866,00000000-0000-0000-0000-000000000000,AV,2215.127190095882,758.4764512045207,PIT
315969892.0819866,00000000-0000-0000-0000-000000026568,AGENT,2170.723859918727,719.3543247775771,PIT
315969892.0819866,00000000-0000-0000-0000-000000026711,OTHERS,2210.323155770673,751.1652347144176,PIT
315969892.0819866,00000000-0000-0000-0000-000000026725,OTHERS,2278.9856429559823,804.8605445215661,PIT
315969892.0819866,00000000-0000-0000-0000-000000026825,OTHERS,2185.6135136512776,753.7826394573856,PIT
315969892.0819866,00000000-0000-0000-0000-000000026749,OTHERS,2231.994612553544,761.4661077917834,PIT
315969892.0819866,00000000-0000-0000-0000-000000026776,OTHERS,2273.0188298290154,806.7979617759903,PIT
315969892.0819866,00000000-0000-0000-0000-000000026733,OTHERS,2251.2450935824545,777.4244379199542,PIT
315969892.0819866,00000000-0000-0000-0000-000000026759,OTHERS,2249.436224293711,775.6837217789633,PIT
315969892.0819866,00000000-0000-0000-0000-000000026826,OTHERS,2152.7685880255317,695.6802026214548,PIT
315969892.0819866,00000000-0000-0000-0000-000000026809,OTHERS,2198.879674202123,737.9591965471898,PIT
315969892.0819866,00000000-0000-0000-0000-000000026818,OTHERS,2173.2097798215345,715.9966729601462,PIT
315969892.0819866,00000000-0000-0000-0000-000000026797,OTHERS,2188.242547087188,729.1723035738547,PIT
315969892.18288064,00000000-0000-0000-0000-000000000000,AV,2214.2089136781924,757.7052042700467,PIT
315969892.18288064,00000000-0000-0000-0000-000000026568,AGENT,2169.472575116469,718.3314885897553,PIT
315969892.18288064,00000000-0000-0000-0000-000000026711,OTHERS,2208.939299189078,749.9851347054939,PIT
315969892.18288064,00000000-0000-0000-0000-000000026725,OTHERS,2280.000390547922,805.5127268783375,PIT
315969892.18288064,00000000-0000-0000-0000-000000026825,OTHERS,2184.7935485860817,754.728317548524,PIT
315969892.18288064,00000000-0000-0000-0000-000000026749,OTHERS,2232.919461710232,762.2173084263617,PIT
315969892.18288064,00000000-0000-0000-0000-000000026776,OTHERS,2273.01882982048,806.7979617689067,PIT
315969892.18288064,00000000-0000-0000-0000-000000026733,OTHERS,2252.263323566391,778.3958121444036,PIT
315969892.18288064,00000000-0000-0000-0000-000000026759,OTHERS,2249.4362242852576,775.6837217720504,PIT
315969892.18288064,00000000-0000-0000-0000-000000026826,OTHERS,2152.7685880255317,695.6802026214548,PIT
315969892.18288064,00000000-0000-0000-0000-000000026809,OTHERS,2198.8498755372234,737.9064406813533,PIT
315969892.18288064,00000000-0000-0000-0000-000000026818,OTHERS,2173.4461020439107,715.9708594049381,PIT
315969892.18288064,00000000-0000-0000-0000-000000026797,OTHERS,2188.214861177616,729.1796659086839,PIT
315969892.2810188,00000000-0000-0000-0000-000000000000,AV,2213.355932202317,757.0005168761775,PIT
315969892.2810188,00000000-0000-0000-0000-000000026568,AGENT,2168.150978550223,717.1607303472397,PIT
315969892.2810188,00000000-0000-0000-0000-000000026711,OTHERS,2207.73954120936,748.9879373850896,PIT
315969892.2810188,00000000-0000-0000-0000-000000026725,OTHERS,2280.868807552867,806.4039842691319,PIT
315969892.2810188,00000000-0000-0000-0000-000000026733,OTHERS,2253.198193990527,779.2564715999663,PIT
315969892.2810188,00000000-0000-0000-0000-000000026797,OTHERS,2188.2460731317033,729.2321239957005,PIT
315969892.2810188,00000000-0000-0000-0000-000000026749,OTHERS,2234.039027760808,763.196587634667,PIT
315969892.2810188,00000000-0000-0000-0000-000000026776,OTHERS,2270.966466604395,805.3709372229099,PIT
315969892.2810188,00000000-0000-0000-0000-000000026825,OTHERS,2185.2886233568606,753.7308930027548,PIT
315969892.2810188,00000000-0000-0000-0000-000000026818,OTHERS,2173.457533291493,716.1102229955592,PIT
315969892.2810188,00000000-0000-0000-0000-000000026809,OTHERS,2198.8507738116127,737.8913878873434,PIT
315969892.385344,00000000-0000-0000-0000-000000000000,AV,2212.428591290533,756.2210966278079,PIT
315969892.385344,00000000-0000-0000-0000-000000026568,AGENT,2166.7683811999195,716.1942591226888,PIT
315969892.385344,00000000-0000-0000-0000-000000026711,OTHERS,2206.4952519820686,747.9516695589215,PIT
315969892.385344,00000000-0000-0000-0000-000000026749,OTHERS,2234.974513377944,763.9437009976027,PIT
315969892.385344,00000000-0000-0000-0000-000000026776,OTHERS,2269.973294464462,804.4439086019626,PIT
315969892.385344,00000000-0000-0000-0000-000000026725,OTHERS,2281.840621021064,806.9914852511447,PIT
315969892.385344,00000000-0000-0000-0000-000000026825,OTHERS,2184.0176718348107,755.6318974529535,PIT
315969892.385344,00000000-0000-0000-0000-000000026733,OTHERS,2254.1834640950437,780.0454936748865,PIT
315969892.385344,00000000-0000-0000-0000-000000026809,OTHERS,2198.7841041994425,737.8341040717163,PIT
315969892.385344,00000000-0000-0000-0000-000000026818,OTHERS,2173.5910419311235,716.1643689523561,PIT
315969892.385344,00000000-0000-0000-0000-000000026797,OTHERS,2188.2515085228574,729.0774496031494,PIT
315969892.47520417,00000000-0000-0000-0000-000000000000,AV,2211.652710133405,755.5801889403584,PIT
315969892.47520417,00000000-0000-0000-0000-000000026568,AGENT,2165.434793213937,715.1586477201264,PIT
315969892.47520417,00000000-0000-0000-0000-000000026711,OTHERS,2205.3277370821593,746.9667946025426,PIT
315969892.47520417,00000000-0000-0000-0000-000000026749,OTHERS,2235.833116049202,764.6281682071422,PIT
315969892.47520417,00000000-0000-0000-0000-000000026776,OTHERS,2268.952819150451,803.5456153708209,PIT
315969892.47520417,00000000-0000-0000-0000-000000026809,OTHERS,2199.021923193936,738.0031634944178,PIT
315969892.47520417,00000000-0000-0000-0000-000000026818,OTHERS,2173.5521263444275,716.1464634241157,PIT
315969892.47520417,00000000-0000-0000-0000-000000026733,OTHERS,2255.085569797044,780.7962639728073,PIT
315969892.47520417,00000000-0000-0000-0000-000000026831,OTHERS,2176.7131954508914,764.5926677963687,PIT
315969892.47520417,00000000-0000-0000-0000-000000026725,OTHERS,2282.595972057642,807.8492904733857,PIT
315969892.47520417,00000000-0000-0000-0000-000000026830,OTHERS,2177.86031512002,762.3789669117825,PIT
315969892.47520417,00000000-0000-0000-0000-000000026825,OTHERS,2183.5208040515445,756.4846363851541,PIT
315969892.47520417,00000000-0000-0000-0000-000000026797,OTHERS,2188.148175702747,729.06599958263,PIT
315969892.57545465,00000000-0000-0000-0000-000000000000,AV,2210.797846236711,754.8695469971747,PIT
315969892.57545465,00000000-0000-0000-0000-000000026568,AGENT,2163.999418863374,714.0646083841929,PIT
315969892.57545465,00000000-0000-0000-0000-000000026711,OTHERS,2204.038493175745,745.9075233600238,PIT
315969892.57545465,00000000-0000-0000-0000-000000026749,OTHERS,2236.7587708269075,765.3469782154749,PIT
315969892.57545465,00000000-0000-0000-0000-000000026776,OTHERS,2268.096712133679,802.988489948026,PIT
315969892.57545465,00000000-0000-0000-0000-000000026809,OTHERS,2198.8717614704533,737.8701474849579,PIT
315969892.57545465,00000000-0000-0000-0000-000000026818,OTHERS,2173.610056882546,716.2088472231297,PIT
315969892.57545465,00000000-0000-0000-0000-000000026825,OTHERS,2185.5223783889087,753.3599303715947,PIT
315969892.57545465,00000000-0000-0000-0000-000000026733,OTHERS,2256.049383458549,781.5212381395078,PIT
315969892.57545465,00000000-0000-0000-0000-000000026831,OTHERS,2176.7131954508914,764.5926677963687,PIT
315969892.57545465,00000000-0000-0000-0000-000000026725,OTHERS,2283.501761700389,808.5458663440534,PIT
315969892.57545465,00000000-0000-0000-0000-000000026830,OTHERS,2177.86031512002,762.3789669117825,PIT
315969892.57545465,00000000-0000-0000-0000-000000026797,OTHERS,2188.0601555689555,728.9681877382179,PIT
315969892.6845883,00000000-0000-0000-0000-000000000000,AV,2209.8476587009204,754.0805360173174,PIT
315969892.6845883,00000000-0000-0000-0000-000000026749,OTHERS,2237.6849300132294,766.230274996675,PIT
315969892.6845883,00000000-0000-0000-0000-000000026830,OTHERS,2178.03006406767,761.8636200497814,PIT
315969892.6845883,00000000-0000-0000-0000-000000026725,OTHERS,2284.48012374228,809.1124069242347,PIT
315969892.6845883,00000000-0000-0000-0000-000000026831,OTHERS,2176.852778553849,762.6630451624454,PIT
315969892.6845883,00000000-0000-0000-0000-000000026825,OTHERS,2184.368279247424,754.8784336378093,PIT
315969892.6845883,00000000-0000-0000-0000-000000026832,OTHERS,2185.969182745024,751.3888800033106,PIT
315969892.6845883,00000000-0000-0000-0000-000000026797,OTHERS,2187.9311208608297,728.8116416350732,PIT
315969892.6845883,00000000-0000-0000-0000-000000026818,OTHERS,2173.852939650088,716.3631224549838,PIT
315969892.6845883,00000000-0000-0000-0000-000000026809,OTHERS,2199.122410139626,738.0996359295555,PIT
315969892.6845883,00000000-0000-0000-0000-000000026711,OTHERS,2202.7350457227485,744.8360377758728,PIT
315969892.6845883,00000000-0000-0000-0000-000000026776,OTHERS,2267.1423535528725,801.960541328602,PIT
315969892.6845883,00000000-0000-0000-0000-000000026733,OTHERS,2257.0086258326605,782.2453291431801,PIT
315969892.6845883,00000000-0000-0000-0000-000000026568,AGENT,2162.7006504863652,713.0081443117383,PIT
315969892.78189826,00000000-0000-0000-0000-000000000000,AV,2208.9818289176274,753.3644917832895,PIT
315969892.78189826,00000000-0000-0000-0000-000000026749,OTHERS,2238.7657920506017,767.1431498167458,PIT
315969892.78189826,00000000-0000-0000-0000-000000026832,OTHERS,2185.8634180108024,751.4894443912433,PIT
315969892.78189826,00000000-0000-0000-0000-000000026834,OTHERS,2298.111015124968,816.6906815863043,PIT
315969892.78189826,00000000-0000-0000-0000-000000026825,OTHERS,2184.1160052422288,755.1937360406305,PIT
315969892.78189826,00000000-0000-0000-0000-000000026711,OTHERS,2201.451487278039,743.7309027793996,PIT
315969892.78189826,00000000-0000-0000-0000-000000026776,OTHERS,2266.074053069021,800.9617509706177,PIT
315969892.78189826,00000000-0000-0000-0000-000000026830,OTHERS,2177.247655165766,762.8344777476996,PIT
315969892.78189826,00000000-0000-0000-0000-000000026725,OTHERS,2284.4801237337665,809.1124069165056,PIT
315969892.78189826,00000000-0000-0000-0000-000000026797,OTHERS,2188.0235394185293,728.7441235764729,PIT
315969892.78189826,00000000-0000-0000-0000-000000026818,OTHERS,2174.0520227749544,716.4272388390738,PIT
315969892.78189826,00000000-0000-0000-0000-000000026809,OTHERS,2199.1427142983393,738.0895986232933,PIT
315969892.78189826,00000000-0000-0000-0000-000000026568,AGENT,2161.484473936813,711.9258881810276,PIT
315969892.78189826,00000000-0000-0000-0000-000000026733,OTHERS,2257.9478893417167,783.203751991868,PIT
315969892.88817084,00000000-0000-0000-0000-000000000000,AV,2208.025949593259,752.5747442492324,PIT
315969892.88817084,00000000-0000-0000-0000-000000026749,OTHERS,2239.447389124878,767.6166334070192,PIT
315969892.88817084,00000000-0000-0000-0000-000000026725,OTHERS,2284.4801237252536,809.1124069087759,PIT
315969892.88817084,00000000-0000-0000-0000-000000026568,AGENT,2160.1975347282987,710.7666928236166,PIT
315969892.88817084,00000000-0000-0000-0000-000000026733,OTHERS,2258.8942920260324,783.8685074025684,PIT
315969892.88817084,00000000-0000-0000-0000-000000026711,OTHERS,2200.1536007988566,742.7121118773564,PIT
315969892.88817084,00000000-0000-0000-0000-000000026776,OTHERS,2265.0899552247793,800.2365932197913,PIT
315969892.88817084,00000000-0000-0000-0000-000000026834,OTHERS,2298.182946224378,816.7534216212912,PIT
315969892.88817084,00000000-0000-0000-0000-000000026825,OTHERS,2183.9896603949383,755.3243827573767,PIT
315969892.88817084,00000000-0000-0000-0000-000000026832,OTHERS,2186.0008517791834,751.4425304919248,PIT
315969892.88817084,00000000-0000-0000-0000-000000026830,OTHERS,2177.847181819419,762.6897135751371,PIT
315969892.88817084,00000000-0000-0000-0000-000000026797,OTHERS,2188.022873639935,728.7038213956572,PIT
315969892.88817084,00000000-0000-0000-0000-000000026828,OTHERS,2160.348831637922,701.2357547841092,PIT
315969892.88817084,00000000-0000-0000-0000-000000026818,OTHERS,2174.171756242703,716.5759257581767,PIT
315969892.88817084,00000000-0000-0000-0000-000000026809,OTHERS,2199.141153936237,738.1603943561197,PIT
